<?xml version="1.0" encoding="UTF-8"?>
<!DOCTYPE tiles-definitions PUBLIC 
"hasdjj" "http://tiles.apache.org/dtds/tiles-config_3_0.dtd">

<tiles-definitions>
  <definition name="user.definition" template="/WEB-INF/views/layout.jsp">
     <put-attribute name="header" value="/WEB-INF/views/layout/header.jsp"/>
     <put-attribute name="footer" value="/WEB-INF/views/layout/footer.jsp"/>
     <put-attribute name="body" value=""/>
  </definition>
  <definition name="*/*" extends="user.definition">
     <put-attribute name="body" value="/WEB-INF/views/{1}/{2}.jsp"/>
  </definition>
  
  <!-- admin -->
  <definition name="admin.definition" template="/WEB-INF/views/admin/layout.jsp">
     <put-attribute name="header" value="/WEB-INF/views/admin/layout/header.jsp"/>
     <put-attribute name="sidebar" value="/WEB-INF/views/admin/layout/sidebar.jsp"/>
     <put-attribute name="footer" value="/WEB-INF/views/admin/layout/footer.jsp"/>
     <put-attribute name="body" value=""/>
  </definition>
  <definition name="admin/*/*" extends="admin.definition">
     <put-attribute name="body" value="/WEB-INF/views/admin/{1}/{2}.jsp"/>
  </definition>
  
  <!-- admin -->
   <definition name="admins.definition" template="/WEB-INF/views/admins/layout.jsp">
     <put-attribute name="body" value=""/>
  </definition>
  <definition name="admins/*/*" extends="admins.definition">
     <put-attribute name="body" value="/WEB-INF/views/admins/{1}/{2}.jsp"/>
  </definition>
</tiles-definitions>
